USE JJBA;
SET FOREIGN_KEY_CHECKS=0;
DROP TABLE IF EXISTS DEPARTMENT;
DROP TABLE IF EXISTS TEACHER;
DROP TABLE IF EXISTS STUDENT;
DROP TABLE IF EXISTS SUBJECT;
DROP TABLE IF EXISTS CLASSROOM;
SET FOREIGN_KEY_CHECKS=1;

CREATE TABLE DEPARTMENT(
DEPT_ID VARCHAR(30) PRIMARY KEY,
DEPT_NAME VARCHAR(50),
BUDGET INT,
BUILDING VARCHAR(40)
);

CREATE TABLE TEACHER(
TEACHER_ID VARCHAR(10) PRIMARY KEY,
TEACHER_NAME VARCHAR(45),
DEPT_ID VARCHAR(10),
SALARY INT,
HIREDATE date
);


CREATE TABLE SUBJECT(
SUB_ID VARCHAR(10) PRIMARY KEY,
SUB_NAME VARCHAR(10),
DEPT_ID VARCHAR(30),
TEACHER_ID VARCHAR(10),
CREDITS INT
);

CREATE TABLE STUDENT(
STUD_ID VARCHAR(20) PRIMARY KEY,
STUD_NAME VARCHAR(40),
DEPT_ID VARCHAR(50),
GPA INT,
ENR_YEAR DATE
);


CREATE TABLE CLASSROOM(
CLASS_ID VARCHAR(10) PRIMARY KEY,
ROOM_NAME VARCHAR(10),
SUB_ID VARCHAR(10),
CAPACITY INT,
HAS_PROJECTOR BOOLEAN
);

CREATE TABLE TEACHER (
TEACHER_ID VARCHAR(10) PRIMARY KEY,
TEACHER_NAME VARCHAR(45),
DEPT_ID VARCHAR(55),
FOREIGN KEY(DEPT_ID) REFERENCES DEPARTMENT(DEPT_ID),
SALARY INT,
HIREDATE DATE
);


CREATE TABLE SUBJECT(
SUB_ID VARCHAR(10) PRIMARY KEY,
SUB_NAME VARCHAR(40),
DEPT_ID VARCHAR(30),
FOREIGN KEY(DEPT_ID) REFERENCES DEPARTMENT(DEPT_ID),
TEACHER_ID VARCHAR(10),
FOREIGN KEY(TEACHER_ID) REFERENCES TEACHER(TEACHER_ID),
CREDITS INT
);


CREATE TABLE STUDENT(
STUD_ID VARCHAR(20) PRIMARY KEY,
STUD_NAME VARCHAR(40),
DEPT_ID VARCHAR(50),
FOREIGN KEY(DEPT_ID) REFERENCES DEPARTMENT(DEPT_ID),
GPA INT,
ENR_YEAR YEAR
);



CREATE TABLE CLASSROOM(
CLASS_ID VARCHAR(10) PRIMARY KEY,
ROOM_NAME VARCHAR(10),
SUB_ID VARCHAR(10),
FOREIGN KEY(SUB_ID) REFERENCES SUBJECT(SUB_ID),
CAPACITY INT,
HAS_PROJECTOR BOOLEAN
);

INSERT INTO Department (DEPT_ID, DEPT_NAME,BUDGET,BUILDING) VALUES
('D1', 'Computer Science', 500000, 'Turing Hall'),
('D2', 'Mathematics', 250000, 'Gauss Tower'),
('D3', 'Physics', 300000, 'Einstein Lab'),
('D4', 'History', 120000, 'Lincoln Wing');


INSERT INTO Teacher (TEACHER_ID,TEACHER_NAME,DEPT_ID,SALARY,HIREDATE) 
VALUES
('T101', 'Dr. Alan Turing', 'D1', 95000, '2018-03-12'),
('T102', 'Prof. Grace Hopper', 'D1', 88000, '2020-06-01'),
('T103', 'Dr. Carl Gauss', 'D2', 82000, '2015-09-15'),
('T104', 'Marie Curie', 'D3', 91000, '2019-01-20'),
('T105', 'Herodotus', 'D4', 60000, '2022-08-11');


INSERT INTO STUDENT(STUD_ID, STUD_NAME, DEPT_ID, GPA, ENR_YEAR)
VALUES
('S1', 'Alice Smith', 'D1', 3.85, 2024),
('S2', 'Bob Jones', 'D1', 2.90, 2025),
('S3', 'Charlie Brown', 'D2', 3.40, 2024),
('S4', 'David Miller', 'D3', 3.92, 2023),
('S5', 'Eva Green', 'D4', 3.15, 2025);

INSERT INTO SUBJECT(SUB_ID, SUB_NAME, DEPT_ID, TEACHER_ID, CREDITS) VALUES
('CS101', 'Introduction to Database', 'D1', 'T101', 4),
('CS102', 'Artificial Intelligence', 'D1', 'T102', 4),
('MA201', 'Linear Algebra', 'D2', 'T103', 3),
('PH301', 'Quantum Mechanics', 'D3', 'T104', 4),
('HI101', 'Ancient Civilizations', 'D4', 'T105', 2);

INSERT INTO CLASSROOM(CLASS_ID, ROOM_NAME, SUB_ID, CAPACITY, HAS_PROJECTOR)
VALUES
('C1', '101-A', 'CS101', 50, TRUE),
('C2', '102-B', 'CS102', 35, TRUE),
('C3', '201', 'MA201', 40, FALSE),
('C4', 'Lab-3', 'PH301', 25, TRUE),
('C5', '404', NULL, 60, FALSE);

#INNER JOIN
SELECT T1.TEACHER_ID,
 T1.TEACHER_NAME,
D1.DEPT_NAME
FROM
DEPARTMENT D1 INNER JOIN TEACHER T1
ON
D1.DEPT_ID=T1.DEPT_ID;

#LEFT JOIN
SELECT C1.CLASS_ID,
C1.ROOM_NAME,
S1.SUB_NAME
FROM SUBJECT S1
LEFT JOIN CLASSROOM C1 ON S1.SUB_ID=CLASSROOM.SUB_ID;

SELECT C1.CLASS_ID,
C1.ROOM_NAME,
S1.SUB_NAME
FROM CLASSROOM C1
RIGHT JOIN SUBJECT S1 ON 
C1.SUB_ID=S1.SUB_ID;

SELECT 
S1.SUB_ID,
S1.SUB_NAME,
C1.ROOM_NAME
 FROM SUBJECT S1
 LEFT JOIN CLASSROOM C1 ON S1.SUB_ID=C1.SUB_ID
 UNION
SELECT C1.CLASS_ID,
C1.ROOM_NAME,
S1.SUB_ID
FROM CLASSROOM C1
RIGHT JOIN SUBJECT S1 ON 
C1.SUB_ID=S1.SUB_ID;

SELECT ENR_YEAR, COUNT(*) AS NUMBER_OF_STUDENTS FROM STUDENT GROUP BY ENR_YEAR ORDER BY ENR_YEAR ASC;
ALTER TABLE STUDENT MODIFY GPA DECIMAL(3,2);
SELECT GPA,DEPT_ID, COUNT(*) AS GPA FROM STUDENT GROUP BY DEPT_ID,GPA ORDER BY GPA ASC;

SELECT STUD_ID,
STUD_NAME,
GPA,
ROW_NUMBER() OVER(ORDER BY GPA DESC) AS GPARANK
FROM STUDENT;

UPDATE STUDENT
SET GPA=3.40
WHERE STUD_ID='S5';

SELECT STUD_ID,
STUD_NAME,
GPA,
RANK() OVER(ORDER BY GPA DESC) AS GPARANK
FROM STUDENT;
 
 SELECT STUD_ID,
STUD_NAME,
GPA,
DENSE_RANK() OVER(ORDER BY GPA DESC) AS GPARANK
FROM STUDENT;

